"Language","original","english","czech","german","russian","polish","hungarian","italian","spanish","french","chinese","japanese","portuguese","chinesesimp",
"tm_cant_be_bought","Sorry, but that<br/>can't be bought!","Sorry, but that<br/>can't be bought!","Omlouvám se,<br/>ale tohle nemůže být zakoupeno!","Das kann nicht<br/>gekauft werden!","Извините,<br/>но не может быть куплен!","Wybacz, ale tego<br/>nie da się kupić!","Sorry, but that<br/>can't be bought!","Sorry, but that<br/>can't be bought!","Lo siento,pero esto<br/>no esta en venta!","Désolé, Ceci ne peux<br/>être acheté!","Sorry, but that<br/>can't be bought!","Sorry, but that<br/>can't be bought!","Desculpe, mas isto<br/>não pode ser comprado!","Sorry, but that<br/>can't be bought!",
"tm_cant_afford","Sorry, but you can't<br/>afford that!","Sorry, but you can't<br/>afford that!","Omlouvám se,<br/>ale tohle si nemůžete dovolot!","Das kannst du dir<br/>nicht leisten!","Извините,<br/>у Вас не хватает денег, чтобы купить!","Wybacz, ale<br/>nie stać cię na to!","Sorry, but you can't<br/>afford that!","Sorry, but you can't<br/>afford that!","Lo siento, pero no puedes<br/>permitirte esto!","Désolé, mais vous ne pouvez pas<br/>porter cela!","Sorry, but you can't<br/>afford that!","Sorry, but you can't<br/>afford that!","Desculpe, mas você não tem<br/>dinheiro suficiente!","Sorry, but you can't<br/>afford that!",
"tm_way_blocked","<br/>is blocking the Way!","<br/>is blocking the Way!","<br/>blokuje cestu!","<br/>blockiert den Weg!","<br/>блокирует дорогу!","<br/>blokuje ci drogę!","<br/>is blocking the Way!","<br/>is blocking the Way!","<br/>esta bloqueando el camino!","<br/>bloque le chemin!","<br/>is blocking the Way!","<br/>is blocking the Way!","<br/>está bloequeando o caminho!","<br/>is blocking the Way!",
"tm_parked_next_to_you","was parked next to you!","was parked next to you!","bylo zaparkováno vedle vás!","wurde neben dir geparkt!","была припаркована рядом с Вами!","był zaparkowany obok ciebie!","was parked next to you!","was parked next to you!","estacionara a tu lado!","a été garé à côté de vous!","was parked next to you!","was parked next to you!","foi estacionado proximo de voce!","was parked next to you!",
"tm_added_to_inventory","was added to your Inventory!","was added to your Inventory!","byl přidán do vašeho inventáře!","wurde deinem Inventar<br/>hinzugefügt!","был добавлен в Ваш инвентарь!","dodane do Twojego ekwipunku!","was added to your Inventory!","was added to your Inventory!","ha sido añadido a tu inventario!","a été ajouté a votre Inventaire!","was added to your Inventory!","was added to your Inventory!","foi adicionado ao seu inventário!","was added to your Inventory!",
"tm_inventory_full","Your Inventory is full!","Your Inventory is full!","Tvůj inventář je plný!","Dein Inventar ist voll!","Ваш инвентарь полон!","Twój inwentarz jest pełen!","Your Inventory is full!","Your Inventory is full!","Tu inventario esta lleno!","Votre inventaire est plein!","Your Inventory is full!","Your Inventory is full!","Seu inventário está cheio!","Your Inventory is full!",
"tm_was_placed_on_ground","was placed on Ground!","was placed on Ground!","byl položen na zem!","liegt auf dem Boden!","был сброшен на землю!","leży na ziemi!","was placed on Ground!","was placed on Ground!","esta en el suelo!","a été placé au sol!","was placed on Ground!","was placed on Ground!","foi colocado no chão!","was placed on Ground!",
"tm_some_currency_on_ground","Some Currencys were placed<br/>on Ground!","Some Currencys were placed<br/>on Ground!","Některá měna byla položena<br/>na zem!","Etwas von dem Geld<br/>liegt auf dem Boden!","Некоторые деньги были сброшены<br/>на землю!","Część pieniędzy leży na ziemi!","Some Currencys were placed<br/>on Ground!","Some Currencys were placed<br/>on Ground!","Algo de dinero<br/>fue colocado en el suelo!","De l'argent a été placé<br/>sur le sol!","Some Currencys were placed<br/>on Ground!","Some Currencys were placed<br/>on Ground!","Uma parte do dinheiro foi coloado<br/>no chão!","Some Currencys were placed<br/>on Ground!",
"tm_some","Some","Some","Něco","Etwas","Некоторые","Część","Some","Some","Algo","Quelques","Some","Some","Algo","Some",
"tm_were_placed_on_ground","were placed on Ground!","were placed on Ground!","byly položeny na zem!","liegt auf dem Boden!","были сброшены на землю!","leży na ziemi!","were placed on Ground!","were placed on Ground!","fueron colocados en el suelo!","ont été placés sur le sol!","were placed on Ground!","were placed on Ground!","foi colocado no chão!","were placed on Ground!",
"tm_your_currency_on_ground","Your Currencys were placed<br/>on Ground!","Your Currencys were placed<br/>on Ground!","Měna byla položena<br/>na zem!","Dein Geld liegt<br/>auf dem Boden!","Ваши деньги были сброшены<br/>на землю!","Twoje pieniądze leżą<br/>na ziemi!","Your Currencys were placed<br/>on Ground!","Your Currencys were placed<br/>on Ground!","Tu dinero se encuentra<br/>en el suelo!","Votre argent a été placé<br/>sur le sol!","Your Currencys were placed<br/>on Ground!","Your Currencys were placed<br/>on Ground!","Seu dinheiro foi colocado<br/>no chão!","Your Currencys were placed<br/>on Ground!",
"tm_cant_be_sold","Sorry, but that can't<br/>be sold!","Sorry, but that can't<br/>be sold!","Omlouvám se,<br/>ale tohle nemůže být prodáno!","Das kann nicht<br/>verkauft werden!","Извините,<br/>но не может быть продан!","Wybacz, ale tego<br/>nie da się sprzedać!","Sorry, but that can't<br/>be sold!","Sorry, but that can't<br/>be sold!","Lo siento,<br/>esto no esta en venta!","Désolé, mais ceci ne peut pas<br/>être vendu!","Sorry, but that can't<br/>be sold!","Sorry, but that can't<br/>be sold!","Desculpe, mas isso não pode<br/>ser vendido!","Sorry, but that can't<br/>be sold!",
"tm_you_cant_sell","Sorry, but you can't<br/>sell that!","Sorry, but you can't<br/>sell that!","Omlouvám se,<br/>ale tohle nemůžeš prodat!","Du kannst das<br/>nicht verkaufen!","Извините,<br/>но не может быть продан,<br/>так как предмет отсутствует!","Wybacz, ale nie<br/>możesz tego sprzedać!","Sorry, but you can't<br/>sell that!","Sorry, but you can't<br/>sell that!","Lo siento,<br/>tu no puedes vender esto!","Désolé, mais vous ne pouvez<br/>pas vendre cela!","Sorry, but you can't<br/>sell that!","Sorry, but you can't<br/>sell that!","Desculpe, mas você não pode<br/>vender isso!","Sorry, but you can't<br/>sell that!",
"tm_cant_sell_vehicle","Place the Vehicle inside<br/>the Traffic Cones!<br/>Make sure you was<br/>the last Driver!","Place the Vehicle inside<br/>the Traffic Cones!<br/>Make sure you was<br/>the last Driver!","Zaparkujte vozidlo do<br/>kuželů!<br/>Make sure you was<br/>the last Driver!","Parke das Fahrzeug<br/>innerhalb der Pilonen!<br/>Du musst der letzte<br/>Fahrer gewesen sein!","Поместите транспортное средство<br/>внутри дорожных конусов!<br/>убедитесь, что вы были последним водителем!","Umieść pojazd w<br/>stożkach drogowych!<br/>Upewnij się, że byłeś<br/>ostatnim kierowcą!","Place the Vehicle inside<br/>the Traffic Cones!<br/>Make sure you was<br/>the last Driver!","Place the Vehicle inside<br/>the Traffic Cones!<br/>Make sure you was<br/>the last Driver!","Coloca el vehiculo dentro<br/>de los conos de trafico!<br/>Asegurate de ser el ultimo conductor!","Placez le véhicule à l'intérieur<br/>des cônes de signalisation!<br/>Assurez-vous que vous étiez<br/>le dernier pilote!","Place the Vehicle inside<br/>the Traffic Cones!<br/>Make sure you was<br/>the last Driver!","Place the Vehicle inside<br/>the Traffic Cones!<br/>Make sure you was<br/>the last Driver!","Posicione o veículo entre<br/>os cones de trânsito!<br/>E garanta que você foi<br/>o último a dirigí-lo!","Place the Vehicle inside<br/>the Traffic Cones!<br/>Make sure you was<br/>the last Driver!",
"tm_sold","sold","sold","prodal","verkaufte","продал","sprzedał/a","sold","sold","ha vendido","vendu","sold","sold","vendido","sold",
"tm_was_sold","was sold!","was sold!","byl prodán!","wurde verkauft!","был продан!","został sprzedany!","was sold!","was sold!","fue vendido!","a été vendu!","was sold!","was sold!","foi vendido!","was sold!",
"tm_no_trader_nearby","There is no Trader nearby..","There is no Trader nearby..","Není tu poblíž žádný obchodník..","Es ist kein Händler in der Nähe..","Поблизости нет ни одного торговца..","W pobliżu nie ma Tradera..","There is no Trader nearby..","There is no Trader nearby..","No hay comerciantes cerca..","Il n'y a pas de vendeur à proximité..","There is no Trader nearby..","There is no Trader nearby..","Você não está perto de nenhum mercador...","There is no Trader nearby..",
"tm_entered_safezone","You entered the Safezone!","You entered the Safezone!","Vkročil jsi do bezpečné zóny!","Du hast die Safezone betreten!","Вы вошли в Безопасную Зону!","Wszedłeś do Safezone!","You entered the Safezone!","You entered the Safezone!","Entraste en el Safezone!","Vous êtes entré dans la Safezone!","You entered the Safezone!","You entered the Safezone!","Você entrou na zona segura!","You entered the Safezone!",
"tm_press_to_open_menu","Press the 'B'-Key to<br/>open the Trader Menu.","Press the 'B'-Key to<br/>open the Trader Menu.","Stiskni 'B'-Klávesu pro<br/>otevření menu obchodníka.","Mit der 'B'-Taste öffnest<br/>du das Händler Menü.","Нажмите кнопку 'B'<br/>чтобы открыть меню торговца.","Naciśnij klawisz „B”, aby<br/>otworzyć menu tradera.","Press the 'B'-Key to<br/>open the Trader Menu.","Press the 'B'-Key to<br/>open the Trader Menu.","Pulse la 'B'-tecla para<br/>abrir el menu del comerciante!","Appuyez sur la touche 'B' pour<br/>ouvrir le menu Trader.","Press the 'B'-Key to<br/>open the Trader Menu.","Press the 'B'-Key to<br/>open the Trader Menu.","Aperte a tecla 'B' para<br/>abrir o menu do mercador.","Press the 'B'-Key to<br/>open the Trader Menu.",
"tm_welcome_back","Welcome back!","Welcome back!","Vítejte zpět!","Willkommen zurück!","С возвращением!","Witamy spowrotem!","Welcome back!","Welcome back!","Bienvenido de nuevo!","Bon retour!","Welcome back!","Welcome back!","Bem-vindo de volta!","Welcome back!",
"tm_left_safezone","You left the Safezone!","You left the Safezone!","Opustil jsi bezpečnou zónu!","Du hast die Safezone verlassen!","Вы покинули Безопасную Зону!","Opuściłeś Safezone!","You left the Safezone!","You left the Safezone!","Abandonaste el Safezone!","Vous quittez la Safezone!","You left the Safezone!","You left the Safezone!","Você saiu da zona segura!","You left the Safezone!",
"tm_leaving_the_safezone_in","You are leaving the<br/>Safezone in","You are leaving the<br/>Safezone in","Opouštíš bezpečnou<br/>zónu za","Du verlässt die<br/>Safezone in","Вы покинете<br/>Безопасную зону через","Opuszczasz Safezone za","You are leaving the<br/>Safezone in","You are leaving the<br/>Safezone in","Estas dejando el<br/>Safezone in","Vous quitterez <br/>la Safesone dans","You are leaving the<br/>Safezone in","You are leaving the<br/>Safezone in","Você está saindo da<br/>zona segura em","You are leaving the<br/>Safezone in",
"tm_seconds","Seconds","Seconds","Sekundy","Sekunden","секунд","sekund","Seconds","Seconds","segundos","Secondes","Seconds","Seconds","segundos","Seconds",
"tm_trader_pays","Trader pays:","Trader pays:","Obchodník zaplatí:","Der Händler zahlt:","Торговец платит:","Trader płaci:","Trader pays:","Trader pays:","El comerciante paga:","Le marchand paie :","Trader pays:","Trader pays:","O comerciante paga:","Trader pays:",
"tm_amount","Amount","Amount","Množství","Menge","Количество","Ilość","Amount","Amount","Cantidad","Quantité","Amount","Amount","Quantidade","Amount",
"tm_ruined_not_sellable","Ruined - cannot be sold!","Ruined - cannot be sold!","Zničeno - nelze prodat!","Ruiniert - kein Verkauf!","Разрушено - нельзя продать!","Zniszczone - nie sprzedasz!","Ruined - cannot be sold!","Ruined - cannot be sold!","Arruinado - no se puede vender!","Ruine - invendable !","Ruined - cannot be sold!","Ruined - cannot be sold!","Arruinado - não pode vender!","Ruined - cannot be sold!",
"tm_not_that_fast","Not that fast Bro!","Not that fast Bro!","Ne tak rychle kámo!","Nicht so schnell Alter!","Не так быстро, братан!","Nie tak szybko, koleś!","Not that fast Bro!","Not that fast Bro!","No tan rapido amigo!","Pas si vite Mec!","Not that fast Bro!","Not that fast Bro!","Vai mais devagar, cara!","Not that fast Bro!",
"tm_cancel","Cancel","Cancel","Zrušit","Abbrechen","Закрыть","Anuluj","Cancel","Cancel","Cancelar","Annuler","Cancel","Cancel","Cancelar","Cancel",
"tm_buy","Buy","Buy","Koupit","Kaufen","Купить","Kup to","Buy","Buy","Comprar","Acheter","Buy","Buy","Comprar","Buy",
"tm_sell","Sell","Sell","Prodat","Verkaufen","Продать","Sprzedaj to","Sell","Sell","Vender","Vendre","Sell","Sell","Vender","Sell",
"tm_item","Item","Item","Věc","Gegenstand","Предмет","Przedmiot","Item","Item","Articulo","Objets","Item","Item","Item","Item",
"tm_price_buy","Price Buy","Price Buy","Cena koupě","Kaufpreis","Цена покупки","Cena kupna","Price Buy","Price Buy","Precio de compra","Prix d'Achat","Price Buy","Price Buy","Preço de compra","Price Buy",
"tm_price_sell","Price Sell","Price Sell","Cena prodeje","Verkaufspreis","Цена продажи","Cena sprzedaży","Price Sell","Price Sell","Precio de venta","Prix de Vente","Price Sell","Price Sell","Preço de venda","Price Sell",
"tm_ruble","Ruble","Ruble","Rubl","Rubel","Рубль","Rubel","Ruble","Ruble","Rublo","Rouble","Ruble","Ruble","Rublos","Ruble",
"STR_tm_1_ruble_note","1 Ruble Note","1 Ruble Note","1 Rubl","1 Rubel Schein","Банкнота 1 рубль","1 Rubel","1 Ruble Note","1 Ruble Note","1 nota de rublo","Billet de 1 Rouble","1 Ruble Note","1 Ruble Note","1 Rublo","1 Ruble Note",
"STR_tm_5_ruble_note","5 Ruble Note","5 Ruble Note","5 Rublů","5 Rubel Schein","Банкнота 5 рублей","5 Rubli","5 Ruble Note","5 Ruble Note","5 notas de rublo","Billet de 5 Roubles","5 Ruble Note","5 Ruble Note","5 Rublos","5 Ruble Note",
"STR_tm_10_ruble_note","10 Ruble Note","10 Ruble Note","10 Rublů","10 Rubel Schein","Банкнота 10 рублей","10 Rubli","10 Ruble Note","10 Ruble Note","10 notas de rublo","Billet de 10 Roubles","10 Ruble Note","10 Ruble Note","10 Rublos","10 Ruble Note",
"STR_tm_25_ruble_note","25 Ruble Note","25 Ruble Note","25 Rublů","25 Rubel Schein","Банкнота 25 рублей","25 Rubli","25 Ruble Note","25 Ruble Note","25 notas de rublo","Billet de 25 Roubles","25 Ruble Note","25 Ruble Note","25 Rublos","25 Ruble Note",
"STR_tm_50_ruble_note","50 Ruble Note","50 Ruble Note","50 Rublů","50 Rubel Schein","Банкнота 50 рублей","50 Rubli","50 Ruble Note","50 Ruble Note","50 notas de rublo","Billet de 50 Roubles","50 Ruble Note","50 Ruble Note","50 Rublos","50 Ruble Note",
"STR_tm_100_ruble_note","100 Ruble Note","100 Ruble Note","100 Rublů","100 Rubel Schein","Банкнота 100 рублей","100 Rubli","100 Ruble Note","100 Ruble Note","100 notas de rublo","Billet de 100 Roubles","100 Ruble Note","100 Ruble Note","100 Rublos","100 Ruble Note",
"STR_tm_ruble_description","This Currency was used in Chernarus before the Disease. It is now only used for trading.","This Currency was used in Chernarus before the Disease. It is now only used for trading.","Tahle měna byla používána v Černarusi před nákazou. Nyní se používá pouze pro obchodování.","Diese Währung wurde in Chernarus vor dem Ausbruch genutzt. Sie wird nun lediglich für den Handel benutzt.","Эта валюта использовалась в Черноруссии до апокалипсиса. И по сей день не потеряла своей ценности.","Waluta która była używana w Chernarus przed wirusem. Teraz używana tylko do handlowania.","This Currency was used in Chernarus before the Disease. It is now only used for trading.","This Currency was used in Chernarus before the Disease. It is now only used for trading.","Esta moneda se usó en Chernarus antes de la enfermedad. Ahora solo se utiliza para el comercio.","Cette monnaie était utilisée à Chernarus avant la maladie. Elle est maintenant utilisée pour l'achat et la vente d'objets.","This Currency was used in Chernarus before the Disease. It is now only used for trading.","This Currency was used in Chernarus before the Disease. It is now only used for trading.","Este dinheiro era usado em Chernarus antes da pandemia. Agora é usado apenas para negociações.","This Currency was used in Chernarus before the Disease. It is now only used for trading.",
"STR_tm_vehicle_key","Vehicle Key","Vehicle Key","Klíč od auta","Fahrzeugschlüssel","Ключ от автомобиля","Klucz","Vehicle Key","Vehicle Key","llaves del vehiculo","Cléf du véhicule","Vehicle Key","Vehicle Key","Chave de veículo","Vehicle Key",
"STR_tm_vehicle_key_description","This is just a normal Key to lock and unlock your Vehicle.","This is just a normal Key to lock and unlock your Vehicle.","Tohle je jen normální klič na zamykání a odemykání tvého vozidla.","Ein normaler Schlüssel um ein Fahrzeug abzuschließen oder aufzuschließen.","Это просто обычный ключ для блокировки и разблокировки вашего автомобиля.","To tylko zwykły klucz do zablokowania i odblokowania twojego pojazdu.","This is just a normal Key to lock and unlock your Vehicle.","This is just a normal Key to lock and unlock your Vehicle.","Esta es solo una llave normal para abrir y cerrar el vehiculo.","Ceci est juste une clé normale pour verrouiller et déverrouiller votre véhicule.","This is just a normal Key to lock and unlock your Vehicle.","This is just a normal Key to lock and unlock your Vehicle.","Apenas uma chave normal para trancar e destrancar o seu veículo.","This is just a normal Key to lock and unlock your Vehicle.",
"tm_sold_accessory_bonus","Bonus for carried accessories & rounds","Bonus for carried accessories & rounds","Bonus for carried accessories & rounds","Zubehoerteile Bonus","Бонус за вложенные предметы и патроны","Bonus for carried accessories & rounds","Bonus for carried accessories & rounds","Bonus for carried accessories & rounds","Bonus por accesorios y municion","Bonus pour accessoires et munitions","已装载配件与弹药加成","Bonus for carried accessories & rounds","Bonus para acessorios e municao","已裝載配件與彈藥加成",
"tm_rating_title","Survival rating","Survival rating","Hodnocení přežití","Überlebenswertung","Рейтинг выживания","Ocena przetrwania","Survival rating","Survival rating","Valoracion de supervivencia","Note de survie","Survival rating","Survival rating","Avaliacao de sobrevivencia","Survival rating",
"tm_rating_discount","Trader discount","Trader discount","Sleva u obchodníka","Händlerrabatt","Скидка у торговца","Rabat u Tradera","Trader discount","Trader discount","Descuento del comerciante","Remise marchand","Trader discount","Trader discount","Desconto do comerciante","Trader discount",
"tm_rating_survived","Survived","Survived","Přežil","Überlebt","Прожито","Przetrwano","Survived","Survived","Sobrevivido","Survecu","Survived","Survived","Sobreviveu","Survived",
"tm_rating_days","d","d","d","T","д","d","d","d","d","j","d","d","d","d",
"tm_rating_hours","h","h","h","Std","ч","g","h","h","h","h","h","h","h","h",
"tm_rating_minutes","m","m","m","Min","мин","min","m","m","m","m","min","m","m","m",
"tm_money","Money","Money","Peníze","Geld","Деньги","Pieniądze","Money","Money","Dinero","Argent","金钱","お金","Dinheiro","金錢",
"STR_tm_money","Money","Money","Peníze","Geld","Деньги","Pieniądze","Money","Money","Dinero","Argent","金钱","お金","Dinheiro","金錢",
"STR_tm_money_description","Server currency. Stacks up to 99999 pcs.","Server currency. Stacks up to 99999 pcs.","Server currency. Stacks up to 99999 pcs.","Serverwährung. Stapel bis 99999 Stk.","Игровая валюта. Складывается в пачку до 99999 штук.","Server currency. Stacks up to 99999 pcs.","Server currency. Stacks up to 99999 pcs.","Server currency. Stacks up to 99999 pcs.","Server currency. Stacks up to 99999 pcs.","Server currency. Stacks up to 99999 pcs.","Server currency. Stacks up to 99999 pcs.","Server currency. Stacks up to 99999 pcs.","Server currency. Stacks up to 99999 pcs.","Server currency. Stacks up to 99999 pcs.",
"tm_quantity","Quantity","Quantity","Množství","Menge","Количество","Ilość","Quantity","Quantity","Cantidad","Quantité","数量","数量","Quantidade","數量",
"tm_quality","Condition","Condition","Stav","Zustand","Состояние","Stan","Condition","Condition","Estado","État","状态","状態","Condição","狀態",
"tm_cond_pristine","Pristine","Pristine","Bezchybný","Makellos","Идеальное","Idealny","Pristine","Pristine","Impecable","Impeccable","完好","新品同様","Impecável","完好無損",
"tm_cond_worn","Worn","Worn","Opotřebovaný","Abgenutzt","Поношенное","Zużyty","Worn","Worn","Desgastado","Usé","磨损","使用感あり","Desgastado","磨損",
"tm_cond_damaged","Damaged","Damaged","Poškozený","Beschädigt","Повреждённое","Uszkodzony","Damaged","Damaged","Dañado","Endommagé","损坏","損傷","Danificado","損壞",
"tm_cond_badly","Badly damaged","Badly damaged","Silně poškozený","Stark beschädigt","Сильно повреждённое","Mocno uszkodzony","Badly damaged","Badly damaged","Muy dañado","Très endommagé","严重损坏","重度損傷","Muito danificado","嚴重損壞",
"tm_cond_ruined","Ruined","Ruined","Zničený","Ruiniert","Разрушенное","Zniszczony","Ruined","Ruined","Arruinado","Ruiné","毁坏","破壊","Arruinado","毀壞",
"tm_owned","Owned","Owned","Vlastněno","Besitz","В наличии","Posiadane","Owned","Owned","En posesión","Possédé","拥有","所持","Possui","擁有",
"tm_sell_amount","Sell","Sell","Prodat","Verkaufen","Продать","Sprzedaj","Sell","Sell","Vender","Vendre","出售","売却","Vender","出售",
"tm_sell_hint","Right mouse button - sell one","Right mouse button - sell one","Pravé tlačítko myši - prodat","Rechte Maustaste - verkaufen","ПКМ - продать","PPM - sprzedaj","Right mouse button - sell one","Right mouse button - sell one","Boton derecho - vender","Clic droit - vendre","右键 - 出售","右クリック - 売却","Botão direito - vender","右鍵 - 出售",
"tm_sellables_only","Only sellable","Only sellable","Pouze prodejné","Nur Verkaufbares","Только продаваемое","Tylko sprzedawalne","Only sellable","Only sellable","Solo vendible","Vendable uniquement","仅可出售","売却可能のみ","Apenas vendável","僅可出售",
"tm_bonus_breakdown","with attachments","with attachments","s příslušenstvím","mit Zubehör","с обвесом","z dodatkami","with attachments","with attachments","con accesorios","avec accessoires","含配件","付属品込み","com acessórios","含配件",
"tm_ragged_not_bought","The trader does not buy this","The trader does not buy this","Obchodník toto nekupuje","Der Händler kauft das nicht","Торговец это не покупает","Trader tego nie kupuje","The trader does not buy this","The trader does not buy this","El comerciante no compra esto","Le marchand n achete pas ceci","商人不收购","商人は買い取らない","O comerciante não compra isto","商人不收購",
"tm_trader","Trader","Trader","Obchodník","Händler","Торговец","Trader","Trader","Trader","Comerciante","Marchand","商人","商人","Comerciante","商人",
"tm_cargo_size","Cargo size","Cargo size","Velikost nákladu","Ladekapazität","Объём груза","Pojemność","Cargo size","Cargo size","Tamano de carga","Taille du chargement","容量","容量","Tamanho da carga","容量",
"tm_ruined_recycled","Recycled as scrap","Recycled as scrap","Zrecyklováno jako šrot","Als Schrott verwertet","Утилизировано как хлам","Przetworzone na złom","Recycled as scrap","Recycled as scrap","Reciclado como chatarra","Recyclé comme ferraille","已作为废料回收","スクラップとして回収","Reciclado como sucata","已作為廢料回收",
"tm_unit_pc","pc.","pc.","ks","Stk","шт","szt.","pc.","pc.","pza","pc","件","個","un","件",
"tm_unit_round","round","round","náboj","Patrone","патрон","nabój","round","round","cartucho","cartouche","发","発","cartucho","發",
"tm_unit_mag","magazine","magazine","zásobník","Magazin","магазин","magazynek","magazine","magazine","cargador","chargeur","弹匣","マガジン","carregador","彈匣",
"tm_price_buy_u","Price buy/pc","Price buy/pc","Cena koupě/ks","Kaufpreis/Stk","Цена покупки/шт","Cena kupna/szt","Price buy/pc","Price buy/pc","Precio compra/ud","Prix achat/pc","购入价/件","買値/個","Preço compra/un","購入價/件",
"tm_price_sell_u","Price sell/pc","Price sell/pc","Cena prodeje/ks","Verkaufspreis/Stk","Цена продажи/шт","Cena sprzedaży/szt","Price sell/pc","Price sell/pc","Precio venta/ud","Prix vente/pc","售出价/件","売値/個","Preço venda/un","售出價/件",
"tm_have_now","now","now","nyní","jetzt","сейчас","teraz","now","now","ahora","maintenant","现在","現在","agora","現在",
"tm_bonus_short","bonus","bonus","bonus","Bonus","бонус","bonus","bónusz","bonus","bono","prime","奖励","ボーナス","bônus","獎勵",
"tm_rating_distance","travelled","travelled","ujeto","zurückgelegt","пройдено","przebyto","megtett","percorso","recorrido","parcouru","已行进","移動","percorrido","已行進",
"tm_rating_kills","kills","kills","zabito","getötet","убито","zabite","megölt","uccisi","muertos","tués","击杀","撃破","abates","擊殺",
"tm_rating_km","km","km","km","km","км","km","km","km","km","km","公里","km","km","公里",
"tm_safezone_hint","Safe zone: you can sell with RMB on an item in your inventory, or walk up to the trader","","","","В сейф-зоне можно продавать: ПКМ по предмету в инвентаре или подойдите к торговцу","","","","","","","","","",
"tm_rating_hide","hide","","","","свернуть","","","","","","","","","",
"tm_rating_show","show","","","","развернуть","","","","","","","","","",
"tm_rating_hud","In game","","","","В игре","","","","","","","","","",